"ID","対象","段階","実装","状況","検出の手がかり","状態の段の値","色","詳しい文","検出","メモ"
"V01","VRChat","","実装済み（5.85）","1つだけ起動している","VRChatProcessMonitor がプロセスを見つけた","正常動作中","アクセント","","◎",""
"V02","VRChat","","実装済み（5.85）","起動していない","プロセスが見つからない","未接続","灰","","◎",""
"V03","VRChat","","実装済み（5.85）","同時に2つ以上動いている","VRChatProcessMonitor の Running が2つ以上（EngineAlerts.ClientCount）","動作中・複数クライアント","黄","複数の VRChat クライアントが同時に起動しています。どちらのログを追うか決められないため、訪問履歴の更新を止めています。VRChat を1つだけにしてください。","◎","L04・W13 と同時に出る（条件は同じ1つ）。「予期せぬ動作」は、実際の動き（自動で選ばず、履歴の更新を止める）に書き換えた"
"V04","VRChat","","実装済み（5.85）","プロセスの一覧を取れない","VRChatProcessMonitor の「プロセス一覧を取得できません」（ListFailing）","プロセス取得失敗 (再試行中)","黄","VRChat のプロセスを確認できませんでした。自動で再試行します。","◎",""
"V05","VRChat","","実装済み（5.85）","プロセスは見つかったが起動時刻を読めないことが続く","VRChatProcessMonitor の「プロセス情報を読めません」が5回（5秒）続く（InfoUnreadable）","動作中・プロセス情報読取失敗","黄","VRChat のプロセスは見つかりましたが、起動時刻を読めません。自動で再試行します。続く場合は、VRChat と VRC Instance Wristory を起動し直してください。","○","「権限レベル不一致」から変えた。読むのは起動時刻だけで、これは管理者のプロセスでも読めるため、原因を言い切らない。一瞬だけ読めないこと（一覧を取った直後の終了）は出さない"
"V06","VRChat","","実装済み（5.85）","正常な終了の記録を残さずに終わった（クラッシュ・強制終了）","プロセスの終了で気づき、ログに HandleApplicationQuit がない（EngineAlerts.CrashDetectedUtc）","異常終了検知","赤","VRChat が終了の記録を残さずに終わりました（クラッシュ・強制終了など）。","◎","1分間だけ出す。VRChat がまた起動したら（未接続以外になったら）すぐに譲る。起動時の全走査で見つけた過去のクラッシュは出さない。対象インスタンスの外で落ちたときも出す。「ここへ戻る」で起動し直している間は出さない"
"V07","VRChat","","実装済み（5.85）","「ここへ戻る」（vrchat://launch）で起動し直している","OpenInstance で launch URL を開いてから、新しい VRChat が起動するまで（長くても2分）","再起動中","灰","「ここへ戻る」で VRChat を起動し直しています。","◎",""
"V08","VRChat","","実装済み（5.85）","起動したが、まだログに今回の起動の記録がない","プロセスはあるが LogHealth.NoLogMatch（3分まで）","起動処理中","灰","","◎","「動作中」は「正常動作中」と紛らわしいので改名。ログの段は L03（ログ待機中）"
"V10","VRChat","","実装済み（5.85）","SteamVR 以外の経路で VR モードになっている（Virtual Desktop の VDXR・Oculus の OpenXR など）","ログの「StartVRSDK: 〜」が OpenXR を含み、SteamVR のサーバーが動いていない","動作中・SteamVR以外","黄","VRChat が SteamVR 以外の経路（OpenXR）で VR モードになっています。手首パネルは SteamVR のオーバーレイなので表示できません。","○","SteamVR の OpenXR で動いているときはサーバーがあるので出さない。手元のログは SteamVR 経由（OpenVRLoader）だけで、OpenXR のときの行は実物で確かめていない"
"L01","VRChat ログ","","実装済み（5.85）","正常に読めている","LogHealth.Ok で VRChat が動いている","正常追跡中","アクセント","","◎",""
"L17","VRChat ログ","","実装済み（5.85）","VRChat が動いていない（読むログがない）","LogHealth.Ok で VRChat が動いていない","待機中","灰","","◎","追加。それまでは「監視中」（アクセント）だった"
"L02","VRChat ログ","","実装済み（5.85）","起動時の全走査中","LogHealth.Initializing","初期化中","灰","","◎",""
"L03","VRChat ログ","","実装済み（5.85）","VRChat は起動したが、対応するログがまだない","LogHealth.NoLogMatch になってから3分まで（processMatchAfterSeconds の既定と同じ）","ログ待機中","灰","","◎","起動のたびに「追跡失敗」と出ないよう、L18 と分けた"
"L18","VRChat ログ","","実装済み（5.85）","対応するログを特定できないことが3分を超えて続く","LogHealth.NoLogMatch が3分以上","追跡失敗・ログ特定不能","黄","実行中の VRChat に対応するログのファイルが見つかりません。VRChat を起動し直してください。","◎",""
"L04","VRChat ログ","","実装済み（5.85）","VRChat が2つ以上動いている","LogHealth.AmbiguousClient（プロセスの数だけで決まる）","追跡停止・複数クライアント","黄","複数の VRChat クライアントが同時に起動しています。ログの追跡を止めています。","◎","「追跡中」ではなく実際に止めているので「追跡停止」。「複数のセッションへ同時に追記」は判定に使っていない"
"L05","VRChat ログ","","実装済み（5.85）","読み取りに失敗（理由が分からない）","LogHealth.ReadError（例外の種類が下の3つ以外）","読取失敗 (再試行中)","黄（5分以上で赤）","VRChat のログを読めません。自動で再試行します。","◎","L09 と同じ並びの名前に揃えた"
"L09","VRChat ログ","","実装済み（5.85）","読めない理由がわかる","ReadError のときの例外（UnauthorizedAccessException／共有違反・ロック違反／ドライブが見つからない・準備ができていない）","読取失敗・アクセス拒否／読取失敗・他プロセス使用中／読取失敗・ドライブ未接続","黄（5分以上で赤）","VRChat のログを読む権限がありません。自動で再試行します。／ほかのアプリが VRChat のログを開いたまま、読めないようにしています。自動で再試行します。／VRChat のログがあるドライブが見つかりません。自動で再試行します。","○","「ドライブ消滅」は「ドライブ未接続」に"
"L06","VRChat ログ","","実装済み（5.85）","短縮・差し替え・位置の不整合から組み立て直している","LogHealth.Rebuilding","再構築中","灰","","◎","「再取得中」から改名（L14 と同じ語に）。読み直しから正常へ戻らない不具合も直した"
"L07","VRChat ログ","","実装済み（5.85）","VRChat は動いているのに、ログのフォルダーがない","ログのフォルダーがない（EngineAlerts.LogFolder＝Missing）で VRChat が動いている","ログフォルダ到達失敗","赤","VRChat のログのフォルダー（<フォルダーの場所>）が見つかりません。設定ファイルで logDirectory を指定している場合は、その場所を確認してください。","◎","VRChat が動いていればログは書かれているので、原因は場所の指定。「VRChat を再起動」では直らない"
"L19","VRChat ログ","","実装済み（5.85）","VRChat が動いておらず、ログのフォルダーもない（一度も起動していない PC など）","LogFolder＝Missing で VRChat が動いていない","ログフォルダ無し","灰","VRChat のログのフォルダー（<フォルダーの場所>）がまだありません。VRChat を一度起動すると作られます。","◎","追加。赤にしない"
"L08","VRChat ログ","","実装済み（5.85）","フォルダーはあるがログがない","LogFolder＝Empty で VRChat が動いていない","ログファイル無し","灰","","◎",""
"L10","VRChat ログ","","実装済み（5.85）","VRChat は動いているのに、ログが長いあいだ増えない","実行中のログに最後に行が増えてからの時間（スリープで主ループが60秒以上止まった間は数えない）","追跡中・長時間更新停止","黄","VRChat のログが N 分間更新されていません。ログを正常に追跡できていない可能性があります。","○","10分以上で出す。手元の実ログ8本では、行の間が最も長く空いたのは約3分"
"L11","VRChat ログ","","実装済み（5.85）","部屋に入った記録はあるのに、インスタンスの行を読み取れない（VRChat の更新でログの形式が変わった）","読み取れる「Joining wrld_…」がないまま「Successfully joined room」が2回続く","ログ解析不能","赤","VRChat 側の更新でログの形式が変わった可能性があります。インスタンスの行を読み取れないため、訪問履歴を記録できません。このアプリの更新を待ってください。","○","1回だけなら途中から読んだ・移動に失敗したなどでも起こるので、2回にした。読める入室があれば消える"
"L13","VRChat ログ","","実装済み（5.85）","60分以内の起動し直しが続き、さかのぼって読む上限（24件）で古いログを読まなかった","MaxRetentionChainSessions に達した","追跡中・一部未読込","黄","60分以内の起動し直しが続いたため、古いログの一部を読み込んでいません。それより前の訪問は表示されません。","◎","履歴があふれたのではない。リセットしても直らない（全部消える）ので、リセットは勧めない"
"L14","VRChat ログ","","実装済み（5.85）","チェックポイント（内部履歴）を読めず、ログから組み立て直した","「チェックポイントを読めません」から1分間","再構築中・内部履歴読込失敗（組み立て直しの間）／追跡中・内部履歴再構築（そのあと）","黄","VRC Instance Wristory の内部履歴を読めなかったため、VRChat のログから組み立て直しました。ログから分からない情報（「延長」を押した時刻など）は失われています。","◎","組み立て直しはすぐ終わるので、終わったあとも1分間は出す"
"L15","VRChat ログ","","実装済み（5.85）","チェックポイント・目印・訪問履歴・設定・グループ名を保存できない","各保存先の失敗（次に保存できたら消える）","追跡中・履歴保存不能","黄","内部履歴を保存できないため、再起動すると訪問履歴や目印を復元できないことがあります。保存先（%LOCALAPPDATA%\VRCInstanceWristory）の空き容量や権限を確認してください。","◎",""
"L16","VRChat ログ","","実装済み（5.85）","ログの時刻と PC の時計が大きくずれている","実行中のログを追っている間に、読んだばかりの行の時刻と今の時刻の差（起動時の全走査の行は使わない）","追跡中・時刻異常","黄","ログの時刻と PC の時計が N 分ずれています。滞在時間などが正しく計算されない可能性があります。VRChat の起動中に PC の時計や時間帯を変えた場合は、VRChat を起動し直してください。","○","5分以上で出す。VRChat と同じ PC の時計なので、ずれるのは起動中に時計・時間帯を変えたとき（6節の限界と同じ場面）"
"S01","SteamVR","接続","実装済み（5.85）","つながっている","","正常動作中","アクセント","","◎",""
"S02","SteamVR","接続","実装済み（5.85）","SteamVR が動いていない","SteamVrWatcher でサーバーが見えない","未接続","灰","","◎",""
"S03","SteamVR","接続","実装済み（5.85）","サーバーはいるが、まだつながっていない","ServerSeen で、理由を出すほどの失敗がない（Init_Retry・Init_NotInitialized など）","動作中・接続待機中","灰","","◎","Init_NoServerForBackgroundApp は Background で初期化したときの値で、このアプリ（Overlay）では出ない"
"S31","SteamVR","接続","実装済み（5.88）","SteamVR のサーバーは動いているのに、コンポジターがいない（起動に失敗した・落ちた）","SteamVrWatcher で vrcompositor.exe が見えない。サーバーの起動から30秒経っているか、つないでいる間に5秒見えなかった（そのときは切る）","動作中・コンポジター停止","赤","SteamVR の画面を合成する処理（vrcompositor）が止まっているため、手首パネルを表示できません。GPU のメモリーが足りないときにも起きます。SteamVR の画面に出ているエラーを確かめて、SteamVR を再起動してください。","◎","2026-09-29 の実例（VRInitError_Compositor_CreateDriverDirectModeResolveTextures）で、それまでは「正常動作中」と出ていた。S04 以降のつなげなかった理由より先に出す（S29 の「終了中」よりはあと）"
"S04","SteamVR","接続","実装済み（5.85）","openvr_api.dll がない・読み込めない","SteamVrSession.Initialize の catch","動作中・接続エラー (openvr_api.dll)","赤","openvr_api.dll を読み込めません。VRC Instance Wristory のフォルダーを、配布の zip から展開し直してください。","◎","インストーラーはないので「再インストール」とは書かない"
"S05","SteamVR","接続","実装済み（5.85）","ヘッドセットが見つからない","Init_HmdNotFound・Init_HmdNotFoundPresenceFailed・Driver_HmdDisplayNotFound・Driver_WirelessHmdNotConnected","動作中・ヘッドセット未検出","灰","SteamVR がヘッドセットを見つけていません。ヘッドセットをつなぐと、自動でつながります。","◎",""
"S06","SteamVR","接続","実装済み（5.85）","SteamVR が古い","Init_InterfaceNotFound・Init_InvalidInterface・Init_InstallationTooOld","動作中・接続エラー (SteamVRバージョン)","赤","SteamVR のバージョンが古く、VRC Instance Wristory と互換性がありません。SteamVR を更新してください。","◎",""
"S07","SteamVR","接続","実装済み（5.85）","SteamVR のインストールが壊れている・見つからない","Init_InstallationNotFound・Init_InstallationCorrupt・Init_PathRegistryNotFound・Init_VRClientDLLNotFound・Init_FileNotFound・Init_FactoryNotFound","動作中・接続エラー (SteamVR整合性)","赤","SteamVR のインストールが壊れている可能性があります。Steam のライブラリで SteamVR のプロパティを開き、「インストール済みファイル」の「ゲームファイルの整合性を確認」を実行してください。","◎","頭の語を「異常・」から「動作中・」に揃えた"
"S08","SteamVR","接続","実装済み（5.85）","SteamVR との通信に失敗する","IPC_*（300〜310）","動作中・アプリ間通信エラー (再試行中)","赤","SteamVR と通信できません。自動で再試行します。続く場合は SteamVR を再起動してください。","◎",""
"S09","SteamVR","接続","実装済み（5.85）","SteamVR が管理者として動いている（このアプリは違う）","S08 の失敗で、vrserver.exe のトークンを開けない（アクセス拒否）か昇格している","動作中・権限レベル不一致","赤","SteamVR が管理者として起動しているため、VRC Instance Wristory と通信できません。SteamVR を、管理者としてではなく起動し直してください。","○","見分けられるのはこの向きだけ（このアプリが管理者のときは通信できることが多い）。実機では確かめていない"
"S10","SteamVR","接続","実装済み（5.85）","ファームウェアの更新・再起動の途中","Init_FirmwareUpdateBusy・Init_RebootingBusy・Init_FirmwareRecoveryBusy・Init_USBServiceBusy","動作中・更新中","灰","ヘッドセットなどのファームウェアの更新・再起動が終わると、自動でつながります。","◎",""
"S11","SteamVR","接続","実装済み（5.85）","そのほかの初期化の失敗","上に当てはまらない EVRInitError","動作中・接続エラー (初期化 <名前>)","赤","OpenVR を初期化できません（<名前>）。SteamVR を再起動してください。","◎","頭の語を「起動中・」から「動作中・」に揃えた"
"S12","SteamVR","接続","実装済み（5.85）","IVROverlay を取れない","OpenVR.Overlay is null","動作中・接続エラー (オーバーレイ)","赤","SteamVR のオーバーレイの機能を使えません。SteamVR を再起動してください。","◎",""
"S13","SteamVR","D3D11","実装済み（5.85）","GPU の資源が尽きている","D3D11 デバイスの作成が E_OUTOFMEMORY","動作中・接続エラー (D3D11デバイス枯渇)","赤","Direct3D 11 デバイスの新規作成に失敗しました。ほかのアプリ（Discord のクリップ機能・XSOverlay など）が GPU ドライバーの資源を使い切っている可能性があります。そのアプリか、SteamVR・PC を再起動してください。資源が空けば、再起動しなくても自動でつながります。","◎","5.82 から、頭の語（起動中→動作中）・括弧の前の空白・詳しい文を変えた。「ソフトウェアリソース」は「GPU ドライバーの資源」に、「該当するアプリ」は 5.82 で見つかった例に"
"S14","SteamVR","D3D11","実装済み（5.85）","D3D11 デバイスをそのほかの理由で作れない","ほかの HRESULT","動作中・接続エラー (D3D11デバイス)","赤","Direct3D 11 デバイスの新規作成に失敗しました。GPU のドライバーを更新するか、SteamVR を再起動してください。","◎",""
"S15","SteamVR","D3D11","実装済み（5.85）","d3d11.dll・DXGI を読み込めない","「D3D11を読み込めません」「DXGIのfactoryを作れません」","動作中・接続エラー (D3D11使用不能)","赤","Direct3D 11 を使えません。GPU のドライバーを入れ直してください。","◎",""
"S16","SteamVR","D3D11","実装済み（5.85）","SteamVR が使う GPU を取れない","LUID（GetOutputDevice）でも番号（GetDXGIOutputInfo）でもアダプターを取れない","動作中・接続エラー (GPU取得失敗)","赤","SteamVR が使用中の GPU を取得できませんでした。SteamVR を再起動してください。","◎","GPU は SteamVR が教える LUID で探すようにした（番号は切り替え式の GPU で並びがずれることがある）。そのため利用者に Windows のグラフィックの設定を変えてもらう案内は要らなくなった"
"S17","SteamVR","D3D11","実装済み（5.85）","動いている途中で GPU がリセットされた（ドライバーの TDR など）","ID3D11Device::GetDeviceRemovedReason が S_OK 以外","動作中・GPUリセット (再接続中)","黄","GPU のドライバーがリセットされたため、つなぎ直しています。繰り返す場合は、GPU が不安定になっている可能性があります。","○","いったん切り、同じ SteamVR へ10秒後につなぎ直す。実機では確かめていない"
"S18","SteamVR","接続後","実装済み（5.85）","テクスチャを作れない（大きさ・メモリ）","「テクスチャ（W×H）を作れません」","接続中・描画エラー (テクスチャ作成)","赤","手首パネルの絵を置くテクスチャを作れません。SteamVR を再起動してください。","◎","テクスチャはつないだあとに作るので「接続中・」"
"S19","SteamVR","接続","実装済み（5.85）","オーバーレイの名前が使用中（前の起動が残っている、など）","EVROverlayError.KeyInUse","動作中・描画エラー (オーバーレイ名重複)","赤","以前起動したこのアプリのオーバーレイが SteamVR に残っています。自動で再試行します。改善しない場合は SteamVR を再起動してください。","◎","作れなければ接続をやめて試し直すので「動作中・」"
"S20","SteamVR","接続","実装済み（5.85）","オーバーレイの数が上限に達した","EVROverlayError.OverlayLimitExceeded","動作中・描画エラー (オーバーレイ数上限)","赤","SteamVR のオーバーレイの数が上限に達しています。ほかのオーバーレイのアプリを終了してください。自動で再試行します。","◎","同上"
"S30","SteamVR","接続","実装済み（5.85）","オーバーレイをそのほかの理由で作れない","上の2つ以外の EVROverlayError","動作中・描画エラー (オーバーレイ作成)","赤","手首パネルのオーバーレイを作れません。SteamVR を再起動してください。","◎","追加"
"S21","SteamVR","接続後","実装済み（5.85）","絵を渡せないことが続く","SetOverlayTexture などの失敗が3回続く（渡せたら消える）","接続中・描画エラー (再試行中)","黄","手首パネルの絵を SteamVR へ渡せません。再試行中です。手首パネルが古い内容のまま更新されないことがあります。","◎",""
"S22","SteamVR","接続後","実装済み（5.85）","1フレームの処理で例外が出続ける","「フレーム処理でエラー」が直近1分に5回","接続中・例外検知","黄","手首パネルの処理で例外が繰り返し発生しています。続く場合は、このアプリを終了する前に記録（%LOCALAPPDATA%\VRCInstanceWristory\app.log）を保存して、開発者へ知らせてください。","◎","app.log は起動のたびに作り直すので「終了する前に」"
"S23","SteamVR","接続後","実装済み（5.85）","操作の割り当て（アクションマニフェスト）を読めない","SteamVrInput.Ready が false","接続中・操作不可 (コントローラー割り当て)","黄","コントローラーの割り当て（アクションマニフェスト）を読めません。手首パネルは表示しますが、操作はできません。","◎",""
"S24","SteamVR","接続後","実装済み（5.85）","操作する手のコントローラーはあるのに、割り当てが働かない（同梱の5機種以外など）","スクロールのアクションが有効にならないことが10秒続く（SteamVR のダッシュボードを開いている間は数えない）","接続中・未知コントローラー","黄","このコントローラーには VRC Instance Wristory の操作の割り当てがありません。SteamVR のコントローラーの割り当て（バインディング）の画面で、VRC Instance Wristory の割り当てを作ってください。","○","旧名「InstanceIDLogger」を正式名称に。SteamVR の画面の項目名は版で変わるので、名前を言い切らない。実機では確かめていない"
"S27","SteamVR","接続後","実装済み（5.85）","ダッシュボードの設定の画面を作れない・渡せない","SettingsDashboard を作れない・絵を渡せない","接続中・ダッシュボード未表示","黄","SteamVR のダッシュボードに VRC Instance Wristory の設定画面を出せません。設定はこのウィンドウから変えられます。","◎",""
"S28","SteamVR","接続後","実装済み（5.85）","アプリの登録（AddApplicationManifest）に失敗","「アプリケーションmanifestが見つかりません」・登録の失敗","接続中・アプリ登録失敗","黄","SteamVR にこのアプリを登録できませんでした。「SteamVRと一緒に起動する」と、SteamVR でのコントローラーの割り当ての編集が使えません。","◎","「一部機能」を、使えなくなる機能の名前に"
"S29","SteamVR","接続後","実装済み（5.85）","SteamVR が終了を知らせてきて、サーバーがまだ残っている","VREvent_Quit のあと、つないでいたサーバーが見えている間","終了中","灰","","◎","サーバーが消えたら「未接続」。この間を「接続待機中」と出すと、待てばつながるように見えるため"
"W01","手首パネル","","実装済み（5.85）","SteamVR へつながっていない","VrConnected == false","SteamVR未接続","灰","","◎",""
"W02","手首パネル","","実装済み（5.85）","出している","PanelHideReason.None","表示中","アクセント","","◎",""
"W10","手首パネル","","実装済み（5.85）","出しているが、操作する手のコントローラーがない","PanelHideReason.None で、操作する手の番号が無効","表示中・操作不可 (片手未接続)","黄","操作する手のコントローラーが見つかりません。手首パネルは表示しますが、指して操作することはできません。","◎","括弧の前の空白と「操作不可」（S23 と同じ語）に揃えた"
"W03","手首パネル","","実装済み（5.85）","視線の角度が規定外","PanelHideReason.ViewAngle","非表示・基準角度未満","アクセント (薄)","","◎",""
"W04","手首パネル","","実装済み（5.85）","パネルを付けた手の追跡が切れた","PanelHideReason.WristTrackingLost","非表示・コントローラー追跡喪失","黄","","◎","W09 と見分けられるよう「切断」から変えた"
"W09","手首パネル","","実装済み（5.85）","パネルを付けた手のコントローラーが見つからない（電源が入っていない）","PanelHideReason.ControllerMissing（コントローラーの番号が無効。それまでは W04 と同じ扱い）","非表示・コントローラー未接続","黄","パネルを付ける手のコントローラーが見つかりません。電源が入っているか確認してください。","◎",""
"W05","手首パネル","","実装済み（5.85）","絵をまだ一度も渡せていない","PanelHideReason.TextureNotReady","描画準備中","灰","","◎",""
"W06","手首パネル","","実装済み（5.85）","VRChat が起動していない","ContentNotReady かつ ClientRunning == false","非表示・VRChat未起動","灰","","◎","「スタンバイ」は W11（ヘッドセットのスタンバイ）と紛らわしいので変えた"
"W13","手首パネル","","実装済み（5.85）","VRChat が2つ以上動いている","ContentNotReady かつ ClientCount が2以上","非表示・複数クライアント","黄","","◎","追加。V03・L04 と同時に出る。それまでは「VRChat の起動待ち」と出ていた"
"W14","手首パネル","","実装済み（5.85）","ログを追えていない（読み取りの失敗・初期化中など）","ContentNotReady かつ LogHealth が Ok 以外","非表示・ログ未追跡","灰","","◎","追加。それまでは「履歴がないため出していません」と出ていた"
"W07","手首パネル","","実装済み（5.85）","メインメニューのワールドタブなどが開いていない","ContentNotReady かつ MenuPageOpen == false","非表示・メインメニュー非表示","アクセント (薄)","","◎",""
"W08","手首パネル","","実装済み（5.85）","期限内の履歴がない","ContentNotReady（そのほか）","非表示・訪問履歴無し","アクセント (薄)","","◎",""
"W11","手首パネル","","実装済み（5.85）","ヘッドセットを外している・スタンバイ","GetTrackedDeviceActivityLevel(HMD) が k_EDeviceActivityLevel_Standby","非表示・ヘッドセット未装着","アクセント (薄)","","○","ほかの正常な非表示と同じ色に揃えた。実機では確かめていない"
"W12","手首パネル","","実装済み（5.85）","設定で VR オーバーレイ機能を切っている","VrOverlayEnabled == false","非表示・VRオーバーレイ機能オフ","アクセント (薄)","設定の「VR オーバーレイ機能を有効にする」がオフになっています。","◎","設定の名前と揃えた"
"P01","方針","","決定（5.85）","赤と黄の使い分け","","","","赤＝パネルが出せない・読めない（利用者が手を打つ必要がある）、黄＝パネルは出るが一部が働かない・すぐに戻る見込みの問題。例外はクラッシュ（パネルの行と同じ赤）。すぐに戻る見込みの読み取りの失敗は黄で始め、5分続いたら赤","",""
"P02","方針","","決定（5.85）","詳しい文の置き場所","","","","段の値を指したとき、段のすぐ上に枠を出す（1行目に項目と値の全文、その下に詳しい文）。詳しい文がなくても、値が切れて末尾が薄くなっているときは全文を出す。常に1行ぶん取ると手首のパネルの絵が小さくなるため","",""
"P03","方針","","決定（5.85）","複数起動をどの段に出すか","","","","VRChat・VRChat ログ・手首パネルの3つの段に同時に出す（条件は同じ1つ）","",""
"P04","方針","","決定（5.85）","判定の方法がわからなかった案","","","","V10 はログの「StartVRSDK:」の行で判定する（SteamVR 経由の実ログで確かめた）。実機で確かめていないもの（S09・S17・S24・W11・V10 の OpenXR 側）は「検出」を ○ にした","",""
"P05","方針","","決定（5.85）","値の書き方","","","","SteamVR の頭の語は「動作中・」＝SteamVR は動いているが、つながっていない、「接続中・」＝つながっているが一部が働かない。括弧の前には半角の空白を入れる。同じ段に当てはまる状態がいくつあっても、この表の上から順に最初の1つを出す","",""
